"gene","variant_id","chr","start","end","size","frequency","svtype","clinsv"
"FHAD1","MantaINS:1:524:524:0:0:0","chr1",15388345,15388346,185,0,"INS",NA
"CRYBG2","MantaDEL:2164:0:0:0:0:0","chr1",26345031,26345084,53,0,"DEL",NA
"FOXO6","MantaINS:3202:0:0:0:0:0","chr1",41382200,41382200,200,0,"INS",NA
"FLG","MantaDUP:TANDEM:8252:0:1:0:0:0","chr1",152304272,152304272,4818,0,"DUP",NA
"TRAF3IP3","MantaDEL:11414:0:0:1:1:0","chr1",209761990,209762731,741,0,"DEL",NA
"IGKV4-1","MantaBND:19882:0:4:0:0:0:0","chr2",88886152,88886152,NA,0,"BND",NA
"MFF","MantaDEL:1285:2:9:0:0:0","chr2",227329781,227330623,842,0,"DEL",NA
"MFF","MantaDEL:1285:2:3:0:0:0","chr2",227330844,227330844,1572,0,"DEL",NA
"FANCD2","MantaDUP:TANDEM:1:7619:7621:0:0:0","chr3",10046582,10046582,1823880,0,"DUP",NA
"SETD2","MantaDEL:31796:0:1:0:0:0","chr3",47017668,47017668,13979,0,"DEL",NA
"LNP1","MantaDUP:TANDEM:34861:0:1:0:0:0","chr3",100451741,100451741,57,0,"DUP",NA
"LNP1","MantaINS:34861:0:0:0:0:0","chr3",100451756,100451756,57,0.441529,"INS",NA
"MUC20","MantaDEL:40380:1:1:0:0:0","chr3",195725133,195725704,571,9.2e-05,"DEL",NA
"MUC4","MantaDEL:40419:0:8:3:3:0","chr3",195780960,195780960,7056,0,"DEL",NA
"MUC4","MantaDUP:TANDEM:40419:8:24:0:0:0","chr3",195788085,195788085,576,0,"DUP",NA
"MYL5","MantaDUP:TANDEM:40762:0:1:0:0:0","chr4",679157,679157,113,0,"DUP",NA
"DSPP","MantaDEL:46431:0:0:0:2:0","chr4",87615923,87616061,138,0,"DEL",NA
"AP3S1","MantaBND:11743:0:1:0:1:0:1","chr5",115842100,115842100,NA,0,"BND",NA
"AP3S1","MantaDEL:11741:1:2:0:0:0","chr5",115902990,115902990,10369,0,"DEL",NA
"LVRN","MantaBND:58915:0:1:0:0:0:0","chr5",116015366,116015366,NA,0,"BND",NA
"HLA-DQB1","MantaDEL:65669:0:13:0:0:0","chr6",32662168,32662168,96741,0,"DEL",NA
"KIAA0408","MantaDEL:70910:0:1:0:0:0","chr6",127446573,127446573,15577,0,"DEL",NA
"SNX9","MantaDEL:72727:0:0:0:1:0","chr6",157867624,157867684,60,0,"DEL",NA
"TCP1","MantaDEL:72880:0:0:0:0:0","chr6",159780087,159780442,355,0.000138,"DEL",NA
"CCDC146","MantaBND:78726:0:1:0:0:0:1","chr7",77167669,77167669,NA,0,"BND",NA
"PABPC1","MantaDEL:89986:4:4:0:0:0","chr8",100706805,100706886,81,0,"DEL",NA
"COL14A1","MantaBND:1:46930:46931:0:0:0:0","chr8",120313964,120313964,NA,0,"BND",NA
"WNK2","MantaDEL:96890:0:0:0:0:0","chr9",93259430,93259484,54,1e-04,"DEL",NA
"PIDD1","MantaDUP:TANDEM:107979:0:1:0:0:0","chr11",800438,800438,115,0,"DUP",NA
"TNNT3","MantaDEL:1:31052:31052:0:0:0","chr11",1929825,1929884,59,0,"DEL",NA
"CNTN5","MantaBND:1:32572:32572:1:1:0:1","chr11",99819752,99819752,NA,0,"BND",NA
"PABPC3","MantaBND:37846:0:2:0:0:0:1","chr13",25096530,25096530,NA,0,"BND",NA
"BTBD7","MantaBND:760:0:1:1:0:0:1","chr14",93246136,93246136,NA,0,"BND",NA
"AHNAK2","MantaDEL:134532:0:1:0:0:0","chr14",104950835,104950835,1090,0,"DEL",NA
"MOSMO","MantaDEL:1327:3:6:0:0:0","chr16",22008406,22008406,67079,0,"DEL",NA
"MOSMO","MantaDEL:1327:1:6:0:0:0","chr16",22075699,22075699,4996,0,"DEL",NA
"NPIPB15","MantaDEL:144488:1:1:3:0:1","chr16",74391812,74391938,126,0.00084,"DEL",NA
"KRTAP4-7","MantaBND:149216:0:1:0:0:0:1","chr17",41084549,41084549,NA,0,"BND",NA
"KRTAP4-6","MantaBND:149216:0:1:0:0:0:0","chr17",41140157,41140157,NA,0,"BND",NA
"KRTAP9-6","MantaDEL:149266:0:1:0:0:0","chr17",41265562,41265562,10354,0,"DEL",NA
"QRICH2","MantaDEL:151633:0:0:0:0:0","chr17",76292824,76292884,60,0,"DEL",NA
"SLC38A10","MantaDEL:152107:0:0:0:0:0","chr17",81251213,81251274,61,0,"DEL",NA
"PLIN4","MantaDUP:TANDEM:157454:0:0:1:0:0","chr19",4511482,4511482,395,0,"DUP",NA
"PLIN4","MantaDEL:157454:0:0:3:0:0","chr19",4511489,4511590,101,0,"DEL",NA
"SAMD1","MantaINS:158323:0:0:0:0:0","chr19",14090084,14090084,318,0,"INS",NA
"ZNF626","MantaBND:158967:0:2:0:0:0:0","chr19",20624657,20624657,NA,0,"BND",NA
"ZNF66","MantaBND:158967:0:2:0:0:0:1","chr19",20807167,20807167,NA,0,"BND",NA
"ZNF493","MantaDEL:159180:0:1:0:0:0","chr19",21423588,21423672,84,0.009375,"DEL",NA
"ZNF676","MantaDEL:159278:0:0:0:0:0","chr19",22180851,22180935,84,0,"DEL",NA
"ZNF233","MantaDEL:160676:0:0:0:0:0","chr19",44273995,44274079,84,0,"DEL",NA
"KRTAP10-6","MantaBND:168725:1:2:0:0:0:1","chr21",44591798,44591798,NA,0,"BND",NA
"KRTAP10-7","MantaBND:168725:1:2:0:0:0:0","chr21",44601051,44601051,NA,0,"BND",NA
"FAM118A","MantaDEL:171313:0:0:0:0:0","chr22",45327999,45328327,328,0,"DEL",NA
"KLHDC7B","MantaDEL:171833:0:0:0:0:0","chr22",50547870,50547942,72,0,"DEL",NA
